{
"lambda":0.9840517044067383,
"r":0.9039850234985352,
"epoch":26,
"n":15
}