{
    "lambda":0.9953641891479492,"r":0.8829565048217773,"epoch":26,"n":3
}